unit_id,case_id,split,stratum,repository,source_commit,source_path,scope,job_id,step_index,step_name,rule_id,ground_truth,reachability,triggers,permissions_status,effective_permissions,untrusted_source_status,untrusted_source,agent_sink_status,agent_sink,capability_status,capability,mitigation_status,mitigation,evidence_lines,explanation,notes
ai-018|job|claude-assistant|-|agentci%2Funtrusted-ai-write-token,ai-018,dev,ai-enriched,deriv-com/deriv-analytics,f60d5e198aa102ed97b2264e5634d38dc10ae164,.github/workflows/claude.yml,job,claude-assistant,,,agentci/untrusted-ai-write-token,,,pull_request,,,,,,,,,,,,,
ai-018|job|claude-assistant|-|agentci%2Fpull-request-target-ai,ai-018,dev,ai-enriched,deriv-com/deriv-analytics,f60d5e198aa102ed97b2264e5634d38dc10ae164,.github/workflows/claude.yml,job,claude-assistant,,,agentci/pull-request-target-ai,,,pull_request,,,,,,,,,,,,,
ai-018|job|claude-assistant|-|agentci%2Fai-with-secrets,ai-018,dev,ai-enriched,deriv-com/deriv-analytics,f60d5e198aa102ed97b2264e5634d38dc10ae164,.github/workflows/claude.yml,job,claude-assistant,,,agentci/ai-with-secrets,,,pull_request,,,,,,,,,,,,,
ai-018|job|claude-assistant|-|agentci%2Fbroad-write-permissions,ai-018,dev,ai-enriched,deriv-com/deriv-analytics,f60d5e198aa102ed97b2264e5634d38dc10ae164,.github/workflows/claude.yml,job,claude-assistant,,,agentci/broad-write-permissions,,,pull_request,,,,,,,,,,,,,
ai-018|step|claude-assistant|0|agentci%2Fagent-usage,ai-018,dev,ai-enriched,deriv-com/deriv-analytics,f60d5e198aa102ed97b2264e5634d38dc10ae164,.github/workflows/claude.yml,step,claude-assistant,0,Security Check - Validate User Access,agentci/agent-usage,,,pull_request,,,,,,,,,,,,,
ai-018|step|claude-assistant|0|agentci%2Funtrusted-input-in-prompt,ai-018,dev,ai-enriched,deriv-com/deriv-analytics,f60d5e198aa102ed97b2264e5634d38dc10ae164,.github/workflows/claude.yml,step,claude-assistant,0,Security Check - Validate User Access,agentci/untrusted-input-in-prompt,,,pull_request,,,,,,,,,,,,,
ai-018|step|claude-assistant|0|agentci%2Fai-shell-access,ai-018,dev,ai-enriched,deriv-com/deriv-analytics,f60d5e198aa102ed97b2264e5634d38dc10ae164,.github/workflows/claude.yml,step,claude-assistant,0,Security Check - Validate User Access,agentci/ai-shell-access,,,pull_request,,,,,,,,,,,,,
ai-018|step|claude-assistant|0|agentci%2Funpinned-ai-action,ai-018,dev,ai-enriched,deriv-com/deriv-analytics,f60d5e198aa102ed97b2264e5634d38dc10ae164,.github/workflows/claude.yml,step,claude-assistant,0,Security Check - Validate User Access,agentci/unpinned-ai-action,,,pull_request,,,,,,,,,,,,,
ai-018|step|claude-assistant|0|agentci%2Funsafe-checkout,ai-018,dev,ai-enriched,deriv-com/deriv-analytics,f60d5e198aa102ed97b2264e5634d38dc10ae164,.github/workflows/claude.yml,step,claude-assistant,0,Security Check - Validate User Access,agentci/unsafe-checkout,,,pull_request,,,,,,,,,,,,,
ai-018|step|claude-assistant|1|agentci%2Fagent-usage,ai-018,dev,ai-enriched,deriv-com/deriv-analytics,f60d5e198aa102ed97b2264e5634d38dc10ae164,.github/workflows/claude.yml,step,claude-assistant,1,Checkout PR head,agentci/agent-usage,,,pull_request,,,,,,,,,,,,,
ai-018|step|claude-assistant|1|agentci%2Funtrusted-input-in-prompt,ai-018,dev,ai-enriched,deriv-com/deriv-analytics,f60d5e198aa102ed97b2264e5634d38dc10ae164,.github/workflows/claude.yml,step,claude-assistant,1,Checkout PR head,agentci/untrusted-input-in-prompt,,,pull_request,,,,,,,,,,,,,
ai-018|step|claude-assistant|1|agentci%2Fai-shell-access,ai-018,dev,ai-enriched,deriv-com/deriv-analytics,f60d5e198aa102ed97b2264e5634d38dc10ae164,.github/workflows/claude.yml,step,claude-assistant,1,Checkout PR head,agentci/ai-shell-access,,,pull_request,,,,,,,,,,,,,
ai-018|step|claude-assistant|1|agentci%2Funpinned-ai-action,ai-018,dev,ai-enriched,deriv-com/deriv-analytics,f60d5e198aa102ed97b2264e5634d38dc10ae164,.github/workflows/claude.yml,step,claude-assistant,1,Checkout PR head,agentci/unpinned-ai-action,,,pull_request,,,,,,,,,,,,,
ai-018|step|claude-assistant|1|agentci%2Funsafe-checkout,ai-018,dev,ai-enriched,deriv-com/deriv-analytics,f60d5e198aa102ed97b2264e5634d38dc10ae164,.github/workflows/claude.yml,step,claude-assistant,1,Checkout PR head,agentci/unsafe-checkout,,,pull_request,,,,,,,,,,,,,
ai-018|step|claude-assistant|2|agentci%2Fagent-usage,ai-018,dev,ai-enriched,deriv-com/deriv-analytics,f60d5e198aa102ed97b2264e5634d38dc10ae164,.github/workflows/claude.yml,step,claude-assistant,2,Verify git workspace,agentci/agent-usage,,,pull_request,,,,,,,,,,,,,
ai-018|step|claude-assistant|2|agentci%2Funtrusted-input-in-prompt,ai-018,dev,ai-enriched,deriv-com/deriv-analytics,f60d5e198aa102ed97b2264e5634d38dc10ae164,.github/workflows/claude.yml,step,claude-assistant,2,Verify git workspace,agentci/untrusted-input-in-prompt,,,pull_request,,,,,,,,,,,,,
ai-018|step|claude-assistant|2|agentci%2Fai-shell-access,ai-018,dev,ai-enriched,deriv-com/deriv-analytics,f60d5e198aa102ed97b2264e5634d38dc10ae164,.github/workflows/claude.yml,step,claude-assistant,2,Verify git workspace,agentci/ai-shell-access,,,pull_request,,,,,,,,,,,,,
ai-018|step|claude-assistant|2|agentci%2Funpinned-ai-action,ai-018,dev,ai-enriched,deriv-com/deriv-analytics,f60d5e198aa102ed97b2264e5634d38dc10ae164,.github/workflows/claude.yml,step,claude-assistant,2,Verify git workspace,agentci/unpinned-ai-action,,,pull_request,,,,,,,,,,,,,
ai-018|step|claude-assistant|2|agentci%2Funsafe-checkout,ai-018,dev,ai-enriched,deriv-com/deriv-analytics,f60d5e198aa102ed97b2264e5634d38dc10ae164,.github/workflows/claude.yml,step,claude-assistant,2,Verify git workspace,agentci/unsafe-checkout,,,pull_request,,,,,,,,,,,,,
ai-018|step|claude-assistant|3|agentci%2Fagent-usage,ai-018,dev,ai-enriched,deriv-com/deriv-analytics,f60d5e198aa102ed97b2264e5634d38dc10ae164,.github/workflows/claude.yml,step,claude-assistant,3,Run Claude Code Action,agentci/agent-usage,,,pull_request,,,,,,,,,,,,,
ai-018|step|claude-assistant|3|agentci%2Funtrusted-input-in-prompt,ai-018,dev,ai-enriched,deriv-com/deriv-analytics,f60d5e198aa102ed97b2264e5634d38dc10ae164,.github/workflows/claude.yml,step,claude-assistant,3,Run Claude Code Action,agentci/untrusted-input-in-prompt,,,pull_request,,,,,,,,,,,,,
ai-018|step|claude-assistant|3|agentci%2Fai-shell-access,ai-018,dev,ai-enriched,deriv-com/deriv-analytics,f60d5e198aa102ed97b2264e5634d38dc10ae164,.github/workflows/claude.yml,step,claude-assistant,3,Run Claude Code Action,agentci/ai-shell-access,,,pull_request,,,,,,,,,,,,,
ai-018|step|claude-assistant|3|agentci%2Funpinned-ai-action,ai-018,dev,ai-enriched,deriv-com/deriv-analytics,f60d5e198aa102ed97b2264e5634d38dc10ae164,.github/workflows/claude.yml,step,claude-assistant,3,Run Claude Code Action,agentci/unpinned-ai-action,,,pull_request,,,,,,,,,,,,,
ai-018|step|claude-assistant|3|agentci%2Funsafe-checkout,ai-018,dev,ai-enriched,deriv-com/deriv-analytics,f60d5e198aa102ed97b2264e5634d38dc10ae164,.github/workflows/claude.yml,step,claude-assistant,3,Run Claude Code Action,agentci/unsafe-checkout,,,pull_request,,,,,,,,,,,,,
control-059|job|vllm|-|agentci%2Funtrusted-ai-write-token,control-059,dev,control,ganler/code-r1,443f8da8058d07051793eff875da117534fd1ba1,.github/workflows/vllm.yml,job,vllm,,,agentci/untrusted-ai-write-token,,,pull_request;push,,,,,,,,,,,,,
control-059|job|vllm|-|agentci%2Fpull-request-target-ai,control-059,dev,control,ganler/code-r1,443f8da8058d07051793eff875da117534fd1ba1,.github/workflows/vllm.yml,job,vllm,,,agentci/pull-request-target-ai,,,pull_request;push,,,,,,,,,,,,,
control-059|job|vllm|-|agentci%2Fai-with-secrets,control-059,dev,control,ganler/code-r1,443f8da8058d07051793eff875da117534fd1ba1,.github/workflows/vllm.yml,job,vllm,,,agentci/ai-with-secrets,,,pull_request;push,,,,,,,,,,,,,
control-059|job|vllm|-|agentci%2Fbroad-write-permissions,control-059,dev,control,ganler/code-r1,443f8da8058d07051793eff875da117534fd1ba1,.github/workflows/vllm.yml,job,vllm,,,agentci/broad-write-permissions,,,pull_request;push,,,,,,,,,,,,,
control-059|step|vllm|0|agentci%2Fagent-usage,control-059,dev,control,ganler/code-r1,443f8da8058d07051793eff875da117534fd1ba1,.github/workflows/vllm.yml,step,vllm,0,step 1,agentci/agent-usage,,,pull_request;push,,,,,,,,,,,,,
control-059|step|vllm|0|agentci%2Funtrusted-input-in-prompt,control-059,dev,control,ganler/code-r1,443f8da8058d07051793eff875da117534fd1ba1,.github/workflows/vllm.yml,step,vllm,0,step 1,agentci/untrusted-input-in-prompt,,,pull_request;push,,,,,,,,,,,,,
control-059|step|vllm|0|agentci%2Fai-shell-access,control-059,dev,control,ganler/code-r1,443f8da8058d07051793eff875da117534fd1ba1,.github/workflows/vllm.yml,step,vllm,0,step 1,agentci/ai-shell-access,,,pull_request;push,,,,,,,,,,,,,
control-059|step|vllm|0|agentci%2Funpinned-ai-action,control-059,dev,control,ganler/code-r1,443f8da8058d07051793eff875da117534fd1ba1,.github/workflows/vllm.yml,step,vllm,0,step 1,agentci/unpinned-ai-action,,,pull_request;push,,,,,,,,,,,,,
control-059|step|vllm|0|agentci%2Funsafe-checkout,control-059,dev,control,ganler/code-r1,443f8da8058d07051793eff875da117534fd1ba1,.github/workflows/vllm.yml,step,vllm,0,step 1,agentci/unsafe-checkout,,,pull_request;push,,,,,,,,,,,,,
control-059|step|vllm|1|agentci%2Fagent-usage,control-059,dev,control,ganler/code-r1,443f8da8058d07051793eff875da117534fd1ba1,.github/workflows/vllm.yml,step,vllm,1,Install the current repository,agentci/agent-usage,,,pull_request;push,,,,,,,,,,,,,
control-059|step|vllm|1|agentci%2Funtrusted-input-in-prompt,control-059,dev,control,ganler/code-r1,443f8da8058d07051793eff875da117534fd1ba1,.github/workflows/vllm.yml,step,vllm,1,Install the current repository,agentci/untrusted-input-in-prompt,,,pull_request;push,,,,,,,,,,,,,
control-059|step|vllm|1|agentci%2Fai-shell-access,control-059,dev,control,ganler/code-r1,443f8da8058d07051793eff875da117534fd1ba1,.github/workflows/vllm.yml,step,vllm,1,Install the current repository,agentci/ai-shell-access,,,pull_request;push,,,,,,,,,,,,,
control-059|step|vllm|1|agentci%2Funpinned-ai-action,control-059,dev,control,ganler/code-r1,443f8da8058d07051793eff875da117534fd1ba1,.github/workflows/vllm.yml,step,vllm,1,Install the current repository,agentci/unpinned-ai-action,,,pull_request;push,,,,,,,,,,,,,
control-059|step|vllm|1|agentci%2Funsafe-checkout,control-059,dev,control,ganler/code-r1,443f8da8058d07051793eff875da117534fd1ba1,.github/workflows/vllm.yml,step,vllm,1,Install the current repository,agentci/unsafe-checkout,,,pull_request;push,,,,,,,,,,,,,
control-059|step|vllm|2|agentci%2Fagent-usage,control-059,dev,control,ganler/code-r1,443f8da8058d07051793eff875da117534fd1ba1,.github/workflows/vllm.yml,step,vllm,2,Running vllm tests on 8 L20 GPUs,agentci/agent-usage,,,pull_request;push,,,,,,,,,,,,,
control-059|step|vllm|2|agentci%2Funtrusted-input-in-prompt,control-059,dev,control,ganler/code-r1,443f8da8058d07051793eff875da117534fd1ba1,.github/workflows/vllm.yml,step,vllm,2,Running vllm tests on 8 L20 GPUs,agentci/untrusted-input-in-prompt,,,pull_request;push,,,,,,,,,,,,,
control-059|step|vllm|2|agentci%2Fai-shell-access,control-059,dev,control,ganler/code-r1,443f8da8058d07051793eff875da117534fd1ba1,.github/workflows/vllm.yml,step,vllm,2,Running vllm tests on 8 L20 GPUs,agentci/ai-shell-access,,,pull_request;push,,,,,,,,,,,,,
control-059|step|vllm|2|agentci%2Funpinned-ai-action,control-059,dev,control,ganler/code-r1,443f8da8058d07051793eff875da117534fd1ba1,.github/workflows/vllm.yml,step,vllm,2,Running vllm tests on 8 L20 GPUs,agentci/unpinned-ai-action,,,pull_request;push,,,,,,,,,,,,,
control-059|step|vllm|2|agentci%2Funsafe-checkout,control-059,dev,control,ganler/code-r1,443f8da8058d07051793eff875da117534fd1ba1,.github/workflows/vllm.yml,step,vllm,2,Running vllm tests on 8 L20 GPUs,agentci/unsafe-checkout,,,pull_request;push,,,,,,,,,,,,,
control-059|step|vllm|3|agentci%2Fagent-usage,control-059,dev,control,ganler/code-r1,443f8da8058d07051793eff875da117534fd1ba1,.github/workflows/vllm.yml,step,vllm,3,Test the latest vLLM,agentci/agent-usage,,,pull_request;push,,,,,,,,,,,,,
control-059|step|vllm|3|agentci%2Funtrusted-input-in-prompt,control-059,dev,control,ganler/code-r1,443f8da8058d07051793eff875da117534fd1ba1,.github/workflows/vllm.yml,step,vllm,3,Test the latest vLLM,agentci/untrusted-input-in-prompt,,,pull_request;push,,,,,,,,,,,,,
control-059|step|vllm|3|agentci%2Fai-shell-access,control-059,dev,control,ganler/code-r1,443f8da8058d07051793eff875da117534fd1ba1,.github/workflows/vllm.yml,step,vllm,3,Test the latest vLLM,agentci/ai-shell-access,,,pull_request;push,,,,,,,,,,,,,
control-059|step|vllm|3|agentci%2Funpinned-ai-action,control-059,dev,control,ganler/code-r1,443f8da8058d07051793eff875da117534fd1ba1,.github/workflows/vllm.yml,step,vllm,3,Test the latest vLLM,agentci/unpinned-ai-action,,,pull_request;push,,,,,,,,,,,,,
control-059|step|vllm|3|agentci%2Funsafe-checkout,control-059,dev,control,ganler/code-r1,443f8da8058d07051793eff875da117534fd1ba1,.github/workflows/vllm.yml,step,vllm,3,Test the latest vLLM,agentci/unsafe-checkout,,,pull_request;push,,,,,,,,,,,,,
control-059|step|vllm|4|agentci%2Fagent-usage,control-059,dev,control,ganler/code-r1,443f8da8058d07051793eff875da117534fd1ba1,.github/workflows/vllm.yml,step,vllm,4,Run QWen 0.5B generation test,agentci/agent-usage,,,pull_request;push,,,,,,,,,,,,,
control-059|step|vllm|4|agentci%2Funtrusted-input-in-prompt,control-059,dev,control,ganler/code-r1,443f8da8058d07051793eff875da117534fd1ba1,.github/workflows/vllm.yml,step,vllm,4,Run QWen 0.5B generation test,agentci/untrusted-input-in-prompt,,,pull_request;push,,,,,,,,,,,,,
control-059|step|vllm|4|agentci%2Fai-shell-access,control-059,dev,control,ganler/code-r1,443f8da8058d07051793eff875da117534fd1ba1,.github/workflows/vllm.yml,step,vllm,4,Run QWen 0.5B generation test,agentci/ai-shell-access,,,pull_request;push,,,,,,,,,,,,,
control-059|step|vllm|4|agentci%2Funpinned-ai-action,control-059,dev,control,ganler/code-r1,443f8da8058d07051793eff875da117534fd1ba1,.github/workflows/vllm.yml,step,vllm,4,Run QWen 0.5B generation test,agentci/unpinned-ai-action,,,pull_request;push,,,,,,,,,,,,,
control-059|step|vllm|4|agentci%2Funsafe-checkout,control-059,dev,control,ganler/code-r1,443f8da8058d07051793eff875da117534fd1ba1,.github/workflows/vllm.yml,step,vllm,4,Run QWen 0.5B generation test,agentci/unsafe-checkout,,,pull_request;push,,,,,,,,,,,,,
codex-002|job|gather-labels|-|agentci%2Funtrusted-ai-write-token,codex-002,dev,agent-diversity-codex-action,hellangleZ/zspark,8ea0344416a1c3d7861566cdd3f66a8aaf11ede9,.github/workflows/issue-labeler.yml,job,gather-labels,,,agentci/untrusted-ai-write-token,,,issues,,,,,,,,,,,,,
codex-002|job|gather-labels|-|agentci%2Fpull-request-target-ai,codex-002,dev,agent-diversity-codex-action,hellangleZ/zspark,8ea0344416a1c3d7861566cdd3f66a8aaf11ede9,.github/workflows/issue-labeler.yml,job,gather-labels,,,agentci/pull-request-target-ai,,,issues,,,,,,,,,,,,,
codex-002|job|gather-labels|-|agentci%2Fai-with-secrets,codex-002,dev,agent-diversity-codex-action,hellangleZ/zspark,8ea0344416a1c3d7861566cdd3f66a8aaf11ede9,.github/workflows/issue-labeler.yml,job,gather-labels,,,agentci/ai-with-secrets,,,issues,,,,,,,,,,,,,
codex-002|job|gather-labels|-|agentci%2Fbroad-write-permissions,codex-002,dev,agent-diversity-codex-action,hellangleZ/zspark,8ea0344416a1c3d7861566cdd3f66a8aaf11ede9,.github/workflows/issue-labeler.yml,job,gather-labels,,,agentci/broad-write-permissions,,,issues,,,,,,,,,,,,,
codex-002|step|gather-labels|0|agentci%2Fagent-usage,codex-002,dev,agent-diversity-codex-action,hellangleZ/zspark,8ea0344416a1c3d7861566cdd3f66a8aaf11ede9,.github/workflows/issue-labeler.yml,step,gather-labels,0,step 1,agentci/agent-usage,,,issues,,,,,,,,,,,,,
codex-002|step|gather-labels|0|agentci%2Funtrusted-input-in-prompt,codex-002,dev,agent-diversity-codex-action,hellangleZ/zspark,8ea0344416a1c3d7861566cdd3f66a8aaf11ede9,.github/workflows/issue-labeler.yml,step,gather-labels,0,step 1,agentci/untrusted-input-in-prompt,,,issues,,,,,,,,,,,,,
codex-002|step|gather-labels|0|agentci%2Fai-shell-access,codex-002,dev,agent-diversity-codex-action,hellangleZ/zspark,8ea0344416a1c3d7861566cdd3f66a8aaf11ede9,.github/workflows/issue-labeler.yml,step,gather-labels,0,step 1,agentci/ai-shell-access,,,issues,,,,,,,,,,,,,
codex-002|step|gather-labels|0|agentci%2Funpinned-ai-action,codex-002,dev,agent-diversity-codex-action,hellangleZ/zspark,8ea0344416a1c3d7861566cdd3f66a8aaf11ede9,.github/workflows/issue-labeler.yml,step,gather-labels,0,step 1,agentci/unpinned-ai-action,,,issues,,,,,,,,,,,,,
codex-002|step|gather-labels|0|agentci%2Funsafe-checkout,codex-002,dev,agent-diversity-codex-action,hellangleZ/zspark,8ea0344416a1c3d7861566cdd3f66a8aaf11ede9,.github/workflows/issue-labeler.yml,step,gather-labels,0,step 1,agentci/unsafe-checkout,,,issues,,,,,,,,,,,,,
codex-002|step|gather-labels|1|agentci%2Fagent-usage,codex-002,dev,agent-diversity-codex-action,hellangleZ/zspark,8ea0344416a1c3d7861566cdd3f66a8aaf11ede9,.github/workflows/issue-labeler.yml,step,gather-labels,1,step 2,agentci/agent-usage,,,issues,,,,,,,,,,,,,
codex-002|step|gather-labels|1|agentci%2Funtrusted-input-in-prompt,codex-002,dev,agent-diversity-codex-action,hellangleZ/zspark,8ea0344416a1c3d7861566cdd3f66a8aaf11ede9,.github/workflows/issue-labeler.yml,step,gather-labels,1,step 2,agentci/untrusted-input-in-prompt,,,issues,,,,,,,,,,,,,
codex-002|step|gather-labels|1|agentci%2Fai-shell-access,codex-002,dev,agent-diversity-codex-action,hellangleZ/zspark,8ea0344416a1c3d7861566cdd3f66a8aaf11ede9,.github/workflows/issue-labeler.yml,step,gather-labels,1,step 2,agentci/ai-shell-access,,,issues,,,,,,,,,,,,,
codex-002|step|gather-labels|1|agentci%2Funpinned-ai-action,codex-002,dev,agent-diversity-codex-action,hellangleZ/zspark,8ea0344416a1c3d7861566cdd3f66a8aaf11ede9,.github/workflows/issue-labeler.yml,step,gather-labels,1,step 2,agentci/unpinned-ai-action,,,issues,,,,,,,,,,,,,
codex-002|step|gather-labels|1|agentci%2Funsafe-checkout,codex-002,dev,agent-diversity-codex-action,hellangleZ/zspark,8ea0344416a1c3d7861566cdd3f66a8aaf11ede9,.github/workflows/issue-labeler.yml,step,gather-labels,1,step 2,agentci/unsafe-checkout,,,issues,,,,,,,,,,,,,
codex-002|job|apply-labels|-|agentci%2Funtrusted-ai-write-token,codex-002,dev,agent-diversity-codex-action,hellangleZ/zspark,8ea0344416a1c3d7861566cdd3f66a8aaf11ede9,.github/workflows/issue-labeler.yml,job,apply-labels,,,agentci/untrusted-ai-write-token,,,issues,,,,,,,,,,,,,
codex-002|job|apply-labels|-|agentci%2Fpull-request-target-ai,codex-002,dev,agent-diversity-codex-action,hellangleZ/zspark,8ea0344416a1c3d7861566cdd3f66a8aaf11ede9,.github/workflows/issue-labeler.yml,job,apply-labels,,,agentci/pull-request-target-ai,,,issues,,,,,,,,,,,,,
codex-002|job|apply-labels|-|agentci%2Fai-with-secrets,codex-002,dev,agent-diversity-codex-action,hellangleZ/zspark,8ea0344416a1c3d7861566cdd3f66a8aaf11ede9,.github/workflows/issue-labeler.yml,job,apply-labels,,,agentci/ai-with-secrets,,,issues,,,,,,,,,,,,,
codex-002|job|apply-labels|-|agentci%2Fbroad-write-permissions,codex-002,dev,agent-diversity-codex-action,hellangleZ/zspark,8ea0344416a1c3d7861566cdd3f66a8aaf11ede9,.github/workflows/issue-labeler.yml,job,apply-labels,,,agentci/broad-write-permissions,,,issues,,,,,,,,,,,,,
codex-002|step|apply-labels|0|agentci%2Fagent-usage,codex-002,dev,agent-diversity-codex-action,hellangleZ/zspark,8ea0344416a1c3d7861566cdd3f66a8aaf11ede9,.github/workflows/issue-labeler.yml,step,apply-labels,0,Apply labels,agentci/agent-usage,,,issues,,,,,,,,,,,,,
codex-002|step|apply-labels|0|agentci%2Funtrusted-input-in-prompt,codex-002,dev,agent-diversity-codex-action,hellangleZ/zspark,8ea0344416a1c3d7861566cdd3f66a8aaf11ede9,.github/workflows/issue-labeler.yml,step,apply-labels,0,Apply labels,agentci/untrusted-input-in-prompt,,,issues,,,,,,,,,,,,,
codex-002|step|apply-labels|0|agentci%2Fai-shell-access,codex-002,dev,agent-diversity-codex-action,hellangleZ/zspark,8ea0344416a1c3d7861566cdd3f66a8aaf11ede9,.github/workflows/issue-labeler.yml,step,apply-labels,0,Apply labels,agentci/ai-shell-access,,,issues,,,,,,,,,,,,,
codex-002|step|apply-labels|0|agentci%2Funpinned-ai-action,codex-002,dev,agent-diversity-codex-action,hellangleZ/zspark,8ea0344416a1c3d7861566cdd3f66a8aaf11ede9,.github/workflows/issue-labeler.yml,step,apply-labels,0,Apply labels,agentci/unpinned-ai-action,,,issues,,,,,,,,,,,,,
codex-002|step|apply-labels|0|agentci%2Funsafe-checkout,codex-002,dev,agent-diversity-codex-action,hellangleZ/zspark,8ea0344416a1c3d7861566cdd3f66a8aaf11ede9,.github/workflows/issue-labeler.yml,step,apply-labels,0,Apply labels,agentci/unsafe-checkout,,,issues,,,,,,,,,,,,,
codex-002|step|apply-labels|1|agentci%2Fagent-usage,codex-002,dev,agent-diversity-codex-action,hellangleZ/zspark,8ea0344416a1c3d7861566cdd3f66a8aaf11ede9,.github/workflows/issue-labeler.yml,step,apply-labels,1,Remove codex-label trigger,agentci/agent-usage,,,issues,,,,,,,,,,,,,
codex-002|step|apply-labels|1|agentci%2Funtrusted-input-in-prompt,codex-002,dev,agent-diversity-codex-action,hellangleZ/zspark,8ea0344416a1c3d7861566cdd3f66a8aaf11ede9,.github/workflows/issue-labeler.yml,step,apply-labels,1,Remove codex-label trigger,agentci/untrusted-input-in-prompt,,,issues,,,,,,,,,,,,,
codex-002|step|apply-labels|1|agentci%2Fai-shell-access,codex-002,dev,agent-diversity-codex-action,hellangleZ/zspark,8ea0344416a1c3d7861566cdd3f66a8aaf11ede9,.github/workflows/issue-labeler.yml,step,apply-labels,1,Remove codex-label trigger,agentci/ai-shell-access,,,issues,,,,,,,,,,,,,
codex-002|step|apply-labels|1|agentci%2Funpinned-ai-action,codex-002,dev,agent-diversity-codex-action,hellangleZ/zspark,8ea0344416a1c3d7861566cdd3f66a8aaf11ede9,.github/workflows/issue-labeler.yml,step,apply-labels,1,Remove codex-label trigger,agentci/unpinned-ai-action,,,issues,,,,,,,,,,,,,
codex-002|step|apply-labels|1|agentci%2Funsafe-checkout,codex-002,dev,agent-diversity-codex-action,hellangleZ/zspark,8ea0344416a1c3d7861566cdd3f66a8aaf11ede9,.github/workflows/issue-labeler.yml,step,apply-labels,1,Remove codex-label trigger,agentci/unsafe-checkout,,,issues,,,,,,,,,,,,,
aider-001|job|e2e-tui-macos|-|agentci%2Funtrusted-ai-write-token,aider-001,dev,agent-diversity-aider-cli,eugene1g/agent-safehouse,027dd626e7800530aeeb87ce078996762df63691,.github/workflows/e2e-agent-tui-macos.yml,job,e2e-tui-macos,,,agentci/untrusted-ai-write-token,,,pull_request;push;workflow_dispatch,,,,,,,,,,,,,
aider-001|job|e2e-tui-macos|-|agentci%2Fpull-request-target-ai,aider-001,dev,agent-diversity-aider-cli,eugene1g/agent-safehouse,027dd626e7800530aeeb87ce078996762df63691,.github/workflows/e2e-agent-tui-macos.yml,job,e2e-tui-macos,,,agentci/pull-request-target-ai,,,pull_request;push;workflow_dispatch,,,,,,,,,,,,,
aider-001|job|e2e-tui-macos|-|agentci%2Fai-with-secrets,aider-001,dev,agent-diversity-aider-cli,eugene1g/agent-safehouse,027dd626e7800530aeeb87ce078996762df63691,.github/workflows/e2e-agent-tui-macos.yml,job,e2e-tui-macos,,,agentci/ai-with-secrets,,,pull_request;push;workflow_dispatch,,,,,,,,,,,,,
aider-001|job|e2e-tui-macos|-|agentci%2Fbroad-write-permissions,aider-001,dev,agent-diversity-aider-cli,eugene1g/agent-safehouse,027dd626e7800530aeeb87ce078996762df63691,.github/workflows/e2e-agent-tui-macos.yml,job,e2e-tui-macos,,,agentci/broad-write-permissions,,,pull_request;push;workflow_dispatch,,,,,,,,,,,,,
aider-001|step|e2e-tui-macos|0|agentci%2Fagent-usage,aider-001,dev,agent-diversity-aider-cli,eugene1g/agent-safehouse,027dd626e7800530aeeb87ce078996762df63691,.github/workflows/e2e-agent-tui-macos.yml,step,e2e-tui-macos,0,Checkout branch,agentci/agent-usage,,,pull_request;push;workflow_dispatch,,,,,,,,,,,,,
aider-001|step|e2e-tui-macos|0|agentci%2Funtrusted-input-in-prompt,aider-001,dev,agent-diversity-aider-cli,eugene1g/agent-safehouse,027dd626e7800530aeeb87ce078996762df63691,.github/workflows/e2e-agent-tui-macos.yml,step,e2e-tui-macos,0,Checkout branch,agentci/untrusted-input-in-prompt,,,pull_request;push;workflow_dispatch,,,,,,,,,,,,,
aider-001|step|e2e-tui-macos|0|agentci%2Fai-shell-access,aider-001,dev,agent-diversity-aider-cli,eugene1g/agent-safehouse,027dd626e7800530aeeb87ce078996762df63691,.github/workflows/e2e-agent-tui-macos.yml,step,e2e-tui-macos,0,Checkout branch,agentci/ai-shell-access,,,pull_request;push;workflow_dispatch,,,,,,,,,,,,,
aider-001|step|e2e-tui-macos|0|agentci%2Funpinned-ai-action,aider-001,dev,agent-diversity-aider-cli,eugene1g/agent-safehouse,027dd626e7800530aeeb87ce078996762df63691,.github/workflows/e2e-agent-tui-macos.yml,step,e2e-tui-macos,0,Checkout branch,agentci/unpinned-ai-action,,,pull_request;push;workflow_dispatch,,,,,,,,,,,,,
aider-001|step|e2e-tui-macos|0|agentci%2Funsafe-checkout,aider-001,dev,agent-diversity-aider-cli,eugene1g/agent-safehouse,027dd626e7800530aeeb87ce078996762df63691,.github/workflows/e2e-agent-tui-macos.yml,step,e2e-tui-macos,0,Checkout branch,agentci/unsafe-checkout,,,pull_request;push;workflow_dispatch,,,,,,,,,,,,,
aider-001|step|e2e-tui-macos|1|agentci%2Fagent-usage,aider-001,dev,agent-diversity-aider-cli,eugene1g/agent-safehouse,027dd626e7800530aeeb87ce078996762df63691,.github/workflows/e2e-agent-tui-macos.yml,step,e2e-tui-macos,1,Cache npm download cache,agentci/agent-usage,,,pull_request;push;workflow_dispatch,,,,,,,,,,,,,
aider-001|step|e2e-tui-macos|1|agentci%2Funtrusted-input-in-prompt,aider-001,dev,agent-diversity-aider-cli,eugene1g/agent-safehouse,027dd626e7800530aeeb87ce078996762df63691,.github/workflows/e2e-agent-tui-macos.yml,step,e2e-tui-macos,1,Cache npm download cache,agentci/untrusted-input-in-prompt,,,pull_request;push;workflow_dispatch,,,,,,,,,,,,,
aider-001|step|e2e-tui-macos|1|agentci%2Fai-shell-access,aider-001,dev,agent-diversity-aider-cli,eugene1g/agent-safehouse,027dd626e7800530aeeb87ce078996762df63691,.github/workflows/e2e-agent-tui-macos.yml,step,e2e-tui-macos,1,Cache npm download cache,agentci/ai-shell-access,,,pull_request;push;workflow_dispatch,,,,,,,,,,,,,
aider-001|step|e2e-tui-macos|1|agentci%2Funpinned-ai-action,aider-001,dev,agent-diversity-aider-cli,eugene1g/agent-safehouse,027dd626e7800530aeeb87ce078996762df63691,.github/workflows/e2e-agent-tui-macos.yml,step,e2e-tui-macos,1,Cache npm download cache,agentci/unpinned-ai-action,,,pull_request;push;workflow_dispatch,,,,,,,,,,,,,
aider-001|step|e2e-tui-macos|1|agentci%2Funsafe-checkout,aider-001,dev,agent-diversity-aider-cli,eugene1g/agent-safehouse,027dd626e7800530aeeb87ce078996762df63691,.github/workflows/e2e-agent-tui-macos.yml,step,e2e-tui-macos,1,Cache npm download cache,agentci/unsafe-checkout,,,pull_request;push;workflow_dispatch,,,,,,,,,,,,,
aider-001|step|e2e-tui-macos|2|agentci%2Fagent-usage,aider-001,dev,agent-diversity-aider-cli,eugene1g/agent-safehouse,027dd626e7800530aeeb87ce078996762df63691,.github/workflows/e2e-agent-tui-macos.yml,step,e2e-tui-macos,2,Prepare artifacts directory,agentci/agent-usage,,,pull_request;push;workflow_dispatch,,,,,,,,,,,,,
aider-001|step|e2e-tui-macos|2|agentci%2Funtrusted-input-in-prompt,aider-001,dev,agent-diversity-aider-cli,eugene1g/agent-safehouse,027dd626e7800530aeeb87ce078996762df63691,.github/workflows/e2e-agent-tui-macos.yml,step,e2e-tui-macos,2,Prepare artifacts directory,agentci/untrusted-input-in-prompt,,,pull_request;push;workflow_dispatch,,,,,,,,,,,,,
aider-001|step|e2e-tui-macos|2|agentci%2Fai-shell-access,aider-001,dev,agent-diversity-aider-cli,eugene1g/agent-safehouse,027dd626e7800530aeeb87ce078996762df63691,.github/workflows/e2e-agent-tui-macos.yml,step,e2e-tui-macos,2,Prepare artifacts directory,agentci/ai-shell-access,,,pull_request;push;workflow_dispatch,,,,,,,,,,,,,
aider-001|step|e2e-tui-macos|2|agentci%2Funpinned-ai-action,aider-001,dev,agent-diversity-aider-cli,eugene1g/agent-safehouse,027dd626e7800530aeeb87ce078996762df63691,.github/workflows/e2e-agent-tui-macos.yml,step,e2e-tui-macos,2,Prepare artifacts directory,agentci/unpinned-ai-action,,,pull_request;push;workflow_dispatch,,,,,,,,,,,,,
aider-001|step|e2e-tui-macos|2|agentci%2Funsafe-checkout,aider-001,dev,agent-diversity-aider-cli,eugene1g/agent-safehouse,027dd626e7800530aeeb87ce078996762df63691,.github/workflows/e2e-agent-tui-macos.yml,step,e2e-tui-macos,2,Prepare artifacts directory,agentci/unsafe-checkout,,,pull_request;push;workflow_dispatch,,,,,,,,,,,,,
aider-001|step|e2e-tui-macos|3|agentci%2Fagent-usage,aider-001,dev,agent-diversity-aider-cli,eugene1g/agent-safehouse,027dd626e7800530aeeb87ce078996762df63691,.github/workflows/e2e-agent-tui-macos.yml,step,e2e-tui-macos,3,Install TUI agent dependencies,agentci/agent-usage,,,pull_request;push;workflow_dispatch,,,,,,,,,,,,,
aider-001|step|e2e-tui-macos|3|agentci%2Funtrusted-input-in-prompt,aider-001,dev,agent-diversity-aider-cli,eugene1g/agent-safehouse,027dd626e7800530aeeb87ce078996762df63691,.github/workflows/e2e-agent-tui-macos.yml,step,e2e-tui-macos,3,Install TUI agent dependencies,agentci/untrusted-input-in-prompt,,,pull_request;push;workflow_dispatch,,,,,,,,,,,,,
aider-001|step|e2e-tui-macos|3|agentci%2Fai-shell-access,aider-001,dev,agent-diversity-aider-cli,eugene1g/agent-safehouse,027dd626e7800530aeeb87ce078996762df63691,.github/workflows/e2e-agent-tui-macos.yml,step,e2e-tui-macos,3,Install TUI agent dependencies,agentci/ai-shell-access,,,pull_request;push;workflow_dispatch,,,,,,,,,,,,,
aider-001|step|e2e-tui-macos|3|agentci%2Funpinned-ai-action,aider-001,dev,agent-diversity-aider-cli,eugene1g/agent-safehouse,027dd626e7800530aeeb87ce078996762df63691,.github/workflows/e2e-agent-tui-macos.yml,step,e2e-tui-macos,3,Install TUI agent dependencies,agentci/unpinned-ai-action,,,pull_request;push;workflow_dispatch,,,,,,,,,,,,,
aider-001|step|e2e-tui-macos|3|agentci%2Funsafe-checkout,aider-001,dev,agent-diversity-aider-cli,eugene1g/agent-safehouse,027dd626e7800530aeeb87ce078996762df63691,.github/workflows/e2e-agent-tui-macos.yml,step,e2e-tui-macos,3,Install TUI agent dependencies,agentci/unsafe-checkout,,,pull_request;push;workflow_dispatch,,,,,,,,,,,,,
aider-001|step|e2e-tui-macos|4|agentci%2Fagent-usage,aider-001,dev,agent-diversity-aider-cli,eugene1g/agent-safehouse,027dd626e7800530aeeb87ce078996762df63691,.github/workflows/e2e-agent-tui-macos.yml,step,e2e-tui-macos,4,Run agent TUI tests,agentci/agent-usage,,,pull_request;push;workflow_dispatch,,,,,,,,,,,,,
aider-001|step|e2e-tui-macos|4|agentci%2Funtrusted-input-in-prompt,aider-001,dev,agent-diversity-aider-cli,eugene1g/agent-safehouse,027dd626e7800530aeeb87ce078996762df63691,.github/workflows/e2e-agent-tui-macos.yml,step,e2e-tui-macos,4,Run agent TUI tests,agentci/untrusted-input-in-prompt,,,pull_request;push;workflow_dispatch,,,,,,,,,,,,,
aider-001|step|e2e-tui-macos|4|agentci%2Fai-shell-access,aider-001,dev,agent-diversity-aider-cli,eugene1g/agent-safehouse,027dd626e7800530aeeb87ce078996762df63691,.github/workflows/e2e-agent-tui-macos.yml,step,e2e-tui-macos,4,Run agent TUI tests,agentci/ai-shell-access,,,pull_request;push;workflow_dispatch,,,,,,,,,,,,,
aider-001|step|e2e-tui-macos|4|agentci%2Funpinned-ai-action,aider-001,dev,agent-diversity-aider-cli,eugene1g/agent-safehouse,027dd626e7800530aeeb87ce078996762df63691,.github/workflows/e2e-agent-tui-macos.yml,step,e2e-tui-macos,4,Run agent TUI tests,agentci/unpinned-ai-action,,,pull_request;push;workflow_dispatch,,,,,,,,,,,,,
aider-001|step|e2e-tui-macos|4|agentci%2Funsafe-checkout,aider-001,dev,agent-diversity-aider-cli,eugene1g/agent-safehouse,027dd626e7800530aeeb87ce078996762df63691,.github/workflows/e2e-agent-tui-macos.yml,step,e2e-tui-macos,4,Run agent TUI tests,agentci/unsafe-checkout,,,pull_request;push;workflow_dispatch,,,,,,,,,,,,,
aider-001|step|e2e-tui-macos|5|agentci%2Fagent-usage,aider-001,dev,agent-diversity-aider-cli,eugene1g/agent-safehouse,027dd626e7800530aeeb87ce078996762df63691,.github/workflows/e2e-agent-tui-macos.yml,step,e2e-tui-macos,5,Upload agent TUI logs,agentci/agent-usage,,,pull_request;push;workflow_dispatch,,,,,,,,,,,,,
aider-001|step|e2e-tui-macos|5|agentci%2Funtrusted-input-in-prompt,aider-001,dev,agent-diversity-aider-cli,eugene1g/agent-safehouse,027dd626e7800530aeeb87ce078996762df63691,.github/workflows/e2e-agent-tui-macos.yml,step,e2e-tui-macos,5,Upload agent TUI logs,agentci/untrusted-input-in-prompt,,,pull_request;push;workflow_dispatch,,,,,,,,,,,,,
aider-001|step|e2e-tui-macos|5|agentci%2Fai-shell-access,aider-001,dev,agent-diversity-aider-cli,eugene1g/agent-safehouse,027dd626e7800530aeeb87ce078996762df63691,.github/workflows/e2e-agent-tui-macos.yml,step,e2e-tui-macos,5,Upload agent TUI logs,agentci/ai-shell-access,,,pull_request;push;workflow_dispatch,,,,,,,,,,,,,
aider-001|step|e2e-tui-macos|5|agentci%2Funpinned-ai-action,aider-001,dev,agent-diversity-aider-cli,eugene1g/agent-safehouse,027dd626e7800530aeeb87ce078996762df63691,.github/workflows/e2e-agent-tui-macos.yml,step,e2e-tui-macos,5,Upload agent TUI logs,agentci/unpinned-ai-action,,,pull_request;push;workflow_dispatch,,,,,,,,,,,,,
aider-001|step|e2e-tui-macos|5|agentci%2Funsafe-checkout,aider-001,dev,agent-diversity-aider-cli,eugene1g/agent-safehouse,027dd626e7800530aeeb87ce078996762df63691,.github/workflows/e2e-agent-tui-macos.yml,step,e2e-tui-macos,5,Upload agent TUI logs,agentci/unsafe-checkout,,,pull_request;push;workflow_dispatch,,,,,,,,,,,,,
cursor-002|job|code-review|-|agentci%2Funtrusted-ai-write-token,cursor-002,dev,agent-diversity-cursor-agent-cli,ColumbiaStellaratorTheory/firm3d,8b4f4805a8da8093c44b6aff6cb5c185591a662c,.github/workflows/cursor-code-review.yml,job,code-review,,,agentci/untrusted-ai-write-token,,,pull_request,,,,,,,,,,,,,
cursor-002|job|code-review|-|agentci%2Fpull-request-target-ai,cursor-002,dev,agent-diversity-cursor-agent-cli,ColumbiaStellaratorTheory/firm3d,8b4f4805a8da8093c44b6aff6cb5c185591a662c,.github/workflows/cursor-code-review.yml,job,code-review,,,agentci/pull-request-target-ai,,,pull_request,,,,,,,,,,,,,
cursor-002|job|code-review|-|agentci%2Fai-with-secrets,cursor-002,dev,agent-diversity-cursor-agent-cli,ColumbiaStellaratorTheory/firm3d,8b4f4805a8da8093c44b6aff6cb5c185591a662c,.github/workflows/cursor-code-review.yml,job,code-review,,,agentci/ai-with-secrets,,,pull_request,,,,,,,,,,,,,
cursor-002|job|code-review|-|agentci%2Fbroad-write-permissions,cursor-002,dev,agent-diversity-cursor-agent-cli,ColumbiaStellaratorTheory/firm3d,8b4f4805a8da8093c44b6aff6cb5c185591a662c,.github/workflows/cursor-code-review.yml,job,code-review,,,agentci/broad-write-permissions,,,pull_request,,,,,,,,,,,,,
cursor-002|step|code-review|0|agentci%2Fagent-usage,cursor-002,dev,agent-diversity-cursor-agent-cli,ColumbiaStellaratorTheory/firm3d,8b4f4805a8da8093c44b6aff6cb5c185591a662c,.github/workflows/cursor-code-review.yml,step,code-review,0,Checkout repository,agentci/agent-usage,,,pull_request,,,,,,,,,,,,,
cursor-002|step|code-review|0|agentci%2Funtrusted-input-in-prompt,cursor-002,dev,agent-diversity-cursor-agent-cli,ColumbiaStellaratorTheory/firm3d,8b4f4805a8da8093c44b6aff6cb5c185591a662c,.github/workflows/cursor-code-review.yml,step,code-review,0,Checkout repository,agentci/untrusted-input-in-prompt,,,pull_request,,,,,,,,,,,,,
cursor-002|step|code-review|0|agentci%2Fai-shell-access,cursor-002,dev,agent-diversity-cursor-agent-cli,ColumbiaStellaratorTheory/firm3d,8b4f4805a8da8093c44b6aff6cb5c185591a662c,.github/workflows/cursor-code-review.yml,step,code-review,0,Checkout repository,agentci/ai-shell-access,,,pull_request,,,,,,,,,,,,,
cursor-002|step|code-review|0|agentci%2Funpinned-ai-action,cursor-002,dev,agent-diversity-cursor-agent-cli,ColumbiaStellaratorTheory/firm3d,8b4f4805a8da8093c44b6aff6cb5c185591a662c,.github/workflows/cursor-code-review.yml,step,code-review,0,Checkout repository,agentci/unpinned-ai-action,,,pull_request,,,,,,,,,,,,,
cursor-002|step|code-review|0|agentci%2Funsafe-checkout,cursor-002,dev,agent-diversity-cursor-agent-cli,ColumbiaStellaratorTheory/firm3d,8b4f4805a8da8093c44b6aff6cb5c185591a662c,.github/workflows/cursor-code-review.yml,step,code-review,0,Checkout repository,agentci/unsafe-checkout,,,pull_request,,,,,,,,,,,,,
cursor-002|step|code-review|1|agentci%2Fagent-usage,cursor-002,dev,agent-diversity-cursor-agent-cli,ColumbiaStellaratorTheory/firm3d,8b4f4805a8da8093c44b6aff6cb5c185591a662c,.github/workflows/cursor-code-review.yml,step,code-review,1,Install Cursor CLI,agentci/agent-usage,,,pull_request,,,,,,,,,,,,,
cursor-002|step|code-review|1|agentci%2Funtrusted-input-in-prompt,cursor-002,dev,agent-diversity-cursor-agent-cli,ColumbiaStellaratorTheory/firm3d,8b4f4805a8da8093c44b6aff6cb5c185591a662c,.github/workflows/cursor-code-review.yml,step,code-review,1,Install Cursor CLI,agentci/untrusted-input-in-prompt,,,pull_request,,,,,,,,,,,,,
cursor-002|step|code-review|1|agentci%2Fai-shell-access,cursor-002,dev,agent-diversity-cursor-agent-cli,ColumbiaStellaratorTheory/firm3d,8b4f4805a8da8093c44b6aff6cb5c185591a662c,.github/workflows/cursor-code-review.yml,step,code-review,1,Install Cursor CLI,agentci/ai-shell-access,,,pull_request,,,,,,,,,,,,,
cursor-002|step|code-review|1|agentci%2Funpinned-ai-action,cursor-002,dev,agent-diversity-cursor-agent-cli,ColumbiaStellaratorTheory/firm3d,8b4f4805a8da8093c44b6aff6cb5c185591a662c,.github/workflows/cursor-code-review.yml,step,code-review,1,Install Cursor CLI,agentci/unpinned-ai-action,,,pull_request,,,,,,,,,,,,,
cursor-002|step|code-review|1|agentci%2Funsafe-checkout,cursor-002,dev,agent-diversity-cursor-agent-cli,ColumbiaStellaratorTheory/firm3d,8b4f4805a8da8093c44b6aff6cb5c185591a662c,.github/workflows/cursor-code-review.yml,step,code-review,1,Install Cursor CLI,agentci/unsafe-checkout,,,pull_request,,,,,,,,,,,,,
cursor-002|step|code-review|2|agentci%2Fagent-usage,cursor-002,dev,agent-diversity-cursor-agent-cli,ColumbiaStellaratorTheory/firm3d,8b4f4805a8da8093c44b6aff6cb5c185591a662c,.github/workflows/cursor-code-review.yml,step,code-review,2,Configure git identity,agentci/agent-usage,,,pull_request,,,,,,,,,,,,,
cursor-002|step|code-review|2|agentci%2Funtrusted-input-in-prompt,cursor-002,dev,agent-diversity-cursor-agent-cli,ColumbiaStellaratorTheory/firm3d,8b4f4805a8da8093c44b6aff6cb5c185591a662c,.github/workflows/cursor-code-review.yml,step,code-review,2,Configure git identity,agentci/untrusted-input-in-prompt,,,pull_request,,,,,,,,,,,,,
cursor-002|step|code-review|2|agentci%2Fai-shell-access,cursor-002,dev,agent-diversity-cursor-agent-cli,ColumbiaStellaratorTheory/firm3d,8b4f4805a8da8093c44b6aff6cb5c185591a662c,.github/workflows/cursor-code-review.yml,step,code-review,2,Configure git identity,agentci/ai-shell-access,,,pull_request,,,,,,,,,,,,,
cursor-002|step|code-review|2|agentci%2Funpinned-ai-action,cursor-002,dev,agent-diversity-cursor-agent-cli,ColumbiaStellaratorTheory/firm3d,8b4f4805a8da8093c44b6aff6cb5c185591a662c,.github/workflows/cursor-code-review.yml,step,code-review,2,Configure git identity,agentci/unpinned-ai-action,,,pull_request,,,,,,,,,,,,,
cursor-002|step|code-review|2|agentci%2Funsafe-checkout,cursor-002,dev,agent-diversity-cursor-agent-cli,ColumbiaStellaratorTheory/firm3d,8b4f4805a8da8093c44b6aff6cb5c185591a662c,.github/workflows/cursor-code-review.yml,step,code-review,2,Configure git identity,agentci/unsafe-checkout,,,pull_request,,,,,,,,,,,,,
cursor-002|step|code-review|3|agentci%2Fagent-usage,cursor-002,dev,agent-diversity-cursor-agent-cli,ColumbiaStellaratorTheory/firm3d,8b4f4805a8da8093c44b6aff6cb5c185591a662c,.github/workflows/cursor-code-review.yml,step,code-review,3,Perform automated code review,agentci/agent-usage,,,pull_request,,,,,,,,,,,,,
cursor-002|step|code-review|3|agentci%2Funtrusted-input-in-prompt,cursor-002,dev,agent-diversity-cursor-agent-cli,ColumbiaStellaratorTheory/firm3d,8b4f4805a8da8093c44b6aff6cb5c185591a662c,.github/workflows/cursor-code-review.yml,step,code-review,3,Perform automated code review,agentci/untrusted-input-in-prompt,,,pull_request,,,,,,,,,,,,,
cursor-002|step|code-review|3|agentci%2Fai-shell-access,cursor-002,dev,agent-diversity-cursor-agent-cli,ColumbiaStellaratorTheory/firm3d,8b4f4805a8da8093c44b6aff6cb5c185591a662c,.github/workflows/cursor-code-review.yml,step,code-review,3,Perform automated code review,agentci/ai-shell-access,,,pull_request,,,,,,,,,,,,,
cursor-002|step|code-review|3|agentci%2Funpinned-ai-action,cursor-002,dev,agent-diversity-cursor-agent-cli,ColumbiaStellaratorTheory/firm3d,8b4f4805a8da8093c44b6aff6cb5c185591a662c,.github/workflows/cursor-code-review.yml,step,code-review,3,Perform automated code review,agentci/unpinned-ai-action,,,pull_request,,,,,,,,,,,,,
cursor-002|step|code-review|3|agentci%2Funsafe-checkout,cursor-002,dev,agent-diversity-cursor-agent-cli,ColumbiaStellaratorTheory/firm3d,8b4f4805a8da8093c44b6aff6cb5c185591a662c,.github/workflows/cursor-code-review.yml,step,code-review,3,Perform automated code review,agentci/unsafe-checkout,,,pull_request,,,,,,,,,,,,,
cursor-002|step|code-review|4|agentci%2Fagent-usage,cursor-002,dev,agent-diversity-cursor-agent-cli,ColumbiaStellaratorTheory/firm3d,8b4f4805a8da8093c44b6aff6cb5c185591a662c,.github/workflows/cursor-code-review.yml,step,code-review,4,Check blocking review results,agentci/agent-usage,,,pull_request,,,,,,,,,,,,,
cursor-002|step|code-review|4|agentci%2Funtrusted-input-in-prompt,cursor-002,dev,agent-diversity-cursor-agent-cli,ColumbiaStellaratorTheory/firm3d,8b4f4805a8da8093c44b6aff6cb5c185591a662c,.github/workflows/cursor-code-review.yml,step,code-review,4,Check blocking review results,agentci/untrusted-input-in-prompt,,,pull_request,,,,,,,,,,,,,
cursor-002|step|code-review|4|agentci%2Fai-shell-access,cursor-002,dev,agent-diversity-cursor-agent-cli,ColumbiaStellaratorTheory/firm3d,8b4f4805a8da8093c44b6aff6cb5c185591a662c,.github/workflows/cursor-code-review.yml,step,code-review,4,Check blocking review results,agentci/ai-shell-access,,,pull_request,,,,,,,,,,,,,
cursor-002|step|code-review|4|agentci%2Funpinned-ai-action,cursor-002,dev,agent-diversity-cursor-agent-cli,ColumbiaStellaratorTheory/firm3d,8b4f4805a8da8093c44b6aff6cb5c185591a662c,.github/workflows/cursor-code-review.yml,step,code-review,4,Check blocking review results,agentci/unpinned-ai-action,,,pull_request,,,,,,,,,,,,,
cursor-002|step|code-review|4|agentci%2Funsafe-checkout,cursor-002,dev,agent-diversity-cursor-agent-cli,ColumbiaStellaratorTheory/firm3d,8b4f4805a8da8093c44b6aff6cb5c185591a662c,.github/workflows/cursor-code-review.yml,step,code-review,4,Check blocking review results,agentci/unsafe-checkout,,,pull_request,,,,,,,,,,,,,
openhands-004|job|release-notes|-|agentci%2Funtrusted-ai-write-token,openhands-004,dev,agent-diversity-openhands,rajshah4/openhands-petstore-demo,47403d8465638bb582cf7f49d36e68a5807996ec,.github/workflows/openhands-release-notes.yml,job,release-notes,,,agentci/untrusted-ai-write-token,,,workflow_dispatch,,,,,,,,,,,,,
openhands-004|job|release-notes|-|agentci%2Fpull-request-target-ai,openhands-004,dev,agent-diversity-openhands,rajshah4/openhands-petstore-demo,47403d8465638bb582cf7f49d36e68a5807996ec,.github/workflows/openhands-release-notes.yml,job,release-notes,,,agentci/pull-request-target-ai,,,workflow_dispatch,,,,,,,,,,,,,
openhands-004|job|release-notes|-|agentci%2Fai-with-secrets,openhands-004,dev,agent-diversity-openhands,rajshah4/openhands-petstore-demo,47403d8465638bb582cf7f49d36e68a5807996ec,.github/workflows/openhands-release-notes.yml,job,release-notes,,,agentci/ai-with-secrets,,,workflow_dispatch,,,,,,,,,,,,,
openhands-004|job|release-notes|-|agentci%2Fbroad-write-permissions,openhands-004,dev,agent-diversity-openhands,rajshah4/openhands-petstore-demo,47403d8465638bb582cf7f49d36e68a5807996ec,.github/workflows/openhands-release-notes.yml,job,release-notes,,,agentci/broad-write-permissions,,,workflow_dispatch,,,,,,,,,,,,,
openhands-004|step|release-notes|0|agentci%2Fagent-usage,openhands-004,dev,agent-diversity-openhands,rajshah4/openhands-petstore-demo,47403d8465638bb582cf7f49d36e68a5807996ec,.github/workflows/openhands-release-notes.yml,step,release-notes,0,step 1,agentci/agent-usage,,,workflow_dispatch,,,,,,,,,,,,,
openhands-004|step|release-notes|0|agentci%2Funtrusted-input-in-prompt,openhands-004,dev,agent-diversity-openhands,rajshah4/openhands-petstore-demo,47403d8465638bb582cf7f49d36e68a5807996ec,.github/workflows/openhands-release-notes.yml,step,release-notes,0,step 1,agentci/untrusted-input-in-prompt,,,workflow_dispatch,,,,,,,,,,,,,
openhands-004|step|release-notes|0|agentci%2Fai-shell-access,openhands-004,dev,agent-diversity-openhands,rajshah4/openhands-petstore-demo,47403d8465638bb582cf7f49d36e68a5807996ec,.github/workflows/openhands-release-notes.yml,step,release-notes,0,step 1,agentci/ai-shell-access,,,workflow_dispatch,,,,,,,,,,,,,
openhands-004|step|release-notes|0|agentci%2Funpinned-ai-action,openhands-004,dev,agent-diversity-openhands,rajshah4/openhands-petstore-demo,47403d8465638bb582cf7f49d36e68a5807996ec,.github/workflows/openhands-release-notes.yml,step,release-notes,0,step 1,agentci/unpinned-ai-action,,,workflow_dispatch,,,,,,,,,,,,,
openhands-004|step|release-notes|0|agentci%2Funsafe-checkout,openhands-004,dev,agent-diversity-openhands,rajshah4/openhands-petstore-demo,47403d8465638bb582cf7f49d36e68a5807996ec,.github/workflows/openhands-release-notes.yml,step,release-notes,0,step 1,agentci/unsafe-checkout,,,workflow_dispatch,,,,,,,,,,,,,
openhands-004|step|release-notes|1|agentci%2Fagent-usage,openhands-004,dev,agent-diversity-openhands,rajshah4/openhands-petstore-demo,47403d8465638bb582cf7f49d36e68a5807996ec,.github/workflows/openhands-release-notes.yml,step,release-notes,1,step 2,agentci/agent-usage,,,workflow_dispatch,,,,,,,,,,,,,
openhands-004|step|release-notes|1|agentci%2Funtrusted-input-in-prompt,openhands-004,dev,agent-diversity-openhands,rajshah4/openhands-petstore-demo,47403d8465638bb582cf7f49d36e68a5807996ec,.github/workflows/openhands-release-notes.yml,step,release-notes,1,step 2,agentci/untrusted-input-in-prompt,,,workflow_dispatch,,,,,,,,,,,,,
openhands-004|step|release-notes|1|agentci%2Fai-shell-access,openhands-004,dev,agent-diversity-openhands,rajshah4/openhands-petstore-demo,47403d8465638bb582cf7f49d36e68a5807996ec,.github/workflows/openhands-release-notes.yml,step,release-notes,1,step 2,agentci/ai-shell-access,,,workflow_dispatch,,,,,,,,,,,,,
openhands-004|step|release-notes|1|agentci%2Funpinned-ai-action,openhands-004,dev,agent-diversity-openhands,rajshah4/openhands-petstore-demo,47403d8465638bb582cf7f49d36e68a5807996ec,.github/workflows/openhands-release-notes.yml,step,release-notes,1,step 2,agentci/unpinned-ai-action,,,workflow_dispatch,,,,,,,,,,,,,
openhands-004|step|release-notes|1|agentci%2Funsafe-checkout,openhands-004,dev,agent-diversity-openhands,rajshah4/openhands-petstore-demo,47403d8465638bb582cf7f49d36e68a5807996ec,.github/workflows/openhands-release-notes.yml,step,release-notes,1,step 2,agentci/unsafe-checkout,,,workflow_dispatch,,,,,,,,,,,,,
openhands-004|step|release-notes|2|agentci%2Fagent-usage,openhands-004,dev,agent-diversity-openhands,rajshah4/openhands-petstore-demo,47403d8465638bb582cf7f49d36e68a5807996ec,.github/workflows/openhands-release-notes.yml,step,release-notes,2,Install dispatcher dependencies,agentci/agent-usage,,,workflow_dispatch,,,,,,,,,,,,,
openhands-004|step|release-notes|2|agentci%2Funtrusted-input-in-prompt,openhands-004,dev,agent-diversity-openhands,rajshah4/openhands-petstore-demo,47403d8465638bb582cf7f49d36e68a5807996ec,.github/workflows/openhands-release-notes.yml,step,release-notes,2,Install dispatcher dependencies,agentci/untrusted-input-in-prompt,,,workflow_dispatch,,,,,,,,,,,,,
openhands-004|step|release-notes|2|agentci%2Fai-shell-access,openhands-004,dev,agent-diversity-openhands,rajshah4/openhands-petstore-demo,47403d8465638bb582cf7f49d36e68a5807996ec,.github/workflows/openhands-release-notes.yml,step,release-notes,2,Install dispatcher dependencies,agentci/ai-shell-access,,,workflow_dispatch,,,,,,,,,,,,,
openhands-004|step|release-notes|2|agentci%2Funpinned-ai-action,openhands-004,dev,agent-diversity-openhands,rajshah4/openhands-petstore-demo,47403d8465638bb582cf7f49d36e68a5807996ec,.github/workflows/openhands-release-notes.yml,step,release-notes,2,Install dispatcher dependencies,agentci/unpinned-ai-action,,,workflow_dispatch,,,,,,,,,,,,,
openhands-004|step|release-notes|2|agentci%2Funsafe-checkout,openhands-004,dev,agent-diversity-openhands,rajshah4/openhands-petstore-demo,47403d8465638bb582cf7f49d36e68a5807996ec,.github/workflows/openhands-release-notes.yml,step,release-notes,2,Install dispatcher dependencies,agentci/unsafe-checkout,,,workflow_dispatch,,,,,,,,,,,,,
openhands-004|step|release-notes|3|agentci%2Fagent-usage,openhands-004,dev,agent-diversity-openhands,rajshah4/openhands-petstore-demo,47403d8465638bb582cf7f49d36e68a5807996ec,.github/workflows/openhands-release-notes.yml,step,release-notes,3,Start OpenHands release notes run,agentci/agent-usage,,,workflow_dispatch,,,,,,,,,,,,,
openhands-004|step|release-notes|3|agentci%2Funtrusted-input-in-prompt,openhands-004,dev,agent-diversity-openhands,rajshah4/openhands-petstore-demo,47403d8465638bb582cf7f49d36e68a5807996ec,.github/workflows/openhands-release-notes.yml,step,release-notes,3,Start OpenHands release notes run,agentci/untrusted-input-in-prompt,,,workflow_dispatch,,,,,,,,,,,,,
openhands-004|step|release-notes|3|agentci%2Fai-shell-access,openhands-004,dev,agent-diversity-openhands,rajshah4/openhands-petstore-demo,47403d8465638bb582cf7f49d36e68a5807996ec,.github/workflows/openhands-release-notes.yml,step,release-notes,3,Start OpenHands release notes run,agentci/ai-shell-access,,,workflow_dispatch,,,,,,,,,,,,,
openhands-004|step|release-notes|3|agentci%2Funpinned-ai-action,openhands-004,dev,agent-diversity-openhands,rajshah4/openhands-petstore-demo,47403d8465638bb582cf7f49d36e68a5807996ec,.github/workflows/openhands-release-notes.yml,step,release-notes,3,Start OpenHands release notes run,agentci/unpinned-ai-action,,,workflow_dispatch,,,,,,,,,,,,,
openhands-004|step|release-notes|3|agentci%2Funsafe-checkout,openhands-004,dev,agent-diversity-openhands,rajshah4/openhands-petstore-demo,47403d8465638bb582cf7f49d36e68a5807996ec,.github/workflows/openhands-release-notes.yml,step,release-notes,3,Start OpenHands release notes run,agentci/unsafe-checkout,,,workflow_dispatch,,,,,,,,,,,,,
